{"cameraMode":{"drawMode":0,"name":"Shaded","section":"Shading Mode"},"sceneLighting":true,"audioPlay":false,"sceneViewState":{"m_AlwaysRefresh":false,"showFog":true,"showSkybox":true,"showFlares":true,"showImageEffects":true,"showParticleSystems":true,"showVisualEffectGraphs":true,"m_FxEnabled":true},"in2DMode":false,"pivot":{"x":-0.6738781929016113,"y":6.270759582519531,"z":-18.245929718017579},"rotation":{"x":-0.003478090278804302,"y":-0.9965428113937378,"z":0.05867549404501915,"w":-0.05894121900200844},"size":13.638166427612305,"orthographic":false}